uce-1000.unaligned.fasta,6,6580,1096.6666666666667,108.72125418293847,767,1387,1128.0,3
uce-1001.unaligned.fasta,3,2567,855.6666666666666,227.04943172015308,500,1278,789.0,1
uce-1002.unaligned.fasta,1,1180,1180.0,0,1180,1180,1180.0,1
uce-1004.unaligned.fasta,4,2966,741.5,128.34101708599113,530,1063,686.5,1
uce-1005.unaligned.fasta,7,5670,810.0,138.91158544710578,308,1198,1034.0,4
uce-1007.unaligned.fasta,2,1158,579.0,40.0,539,619,579.0,0
uce-1008.unaligned.fasta,5,4026,805.2,89.13775855382498,573,1094,834.0,1
uce-1009.unaligned.fasta,3,2129,709.6666666666666,170.62369250618286,385,963,781.0,0
uce-100.unaligned.fasta,4,2955,738.75,82.08976286155702,591,973,695.5,0
uce-1010.unaligned.fasta,1,2404,2404.0,0,2404,2404,2404.0,1
uce-1011.unaligned.fasta,1,705,705.0,0,705,705,705.0,0
uce-1012.unaligned.fasta,2,1791,895.5,238.49999999999997,657,1134,895.5,1
uce-1013.unaligned.fasta,1,703,703.0,0,703,703,703.0,0
uce-1015.unaligned.fasta,8,6351,793.875,95.17023047075772,387,1131,781.5,2
uce-1016.unaligned.fasta,1,299,299.0,0,299,299,299.0,0
uce-1018.unaligned.fasta,5,3296,659.2,70.65578532576083,511,845,599.0,0
uce-101.unaligned.fasta,2,2177,1088.5,557.5,531,1646,1088.5,1
uce-1021.unaligned.fasta,1,1790,1790.0,0,1790,1790,1790.0,1
uce-1022.unaligned.fasta,1,428,428.0,0,428,428,428.0,0
uce-1025.unaligned.fasta,1,1207,1207.0,0,1207,1207,1207.0,1
uce-1026.unaligned.fasta,5,3981,796.2,123.93804904063965,489,1093,693.0,2
uce-1027.unaligned.fasta,3,1663,554.3333333333334,97.51808948999042,367,695,601.0,0
uce-1028.unaligned.fasta,6,5537,922.8333333333334,91.48093304678912,703,1258,904.5,3
uce-1029.unaligned.fasta,5,3621,724.2,171.05712496122456,305,1065,903.0,2
uce-102.unaligned.fasta,4,1878,469.5,62.80857160186551,379,653,423.0,0
uce-1030.unaligned.fasta,1,510,510.0,0,510,510,510.0,0
uce-1032.unaligned.fasta,1,403,403.0,0,403,403,403.0,0
uce-1033.unaligned.fasta,3,2169,723.0,162.52486989175944,416,969,784.0,0
uce-1034.unaligned.fasta,9,9377,1041.888888888889,209.31617793586577,376,2047,882.0,4
uce-1035.unaligned.fasta,6,4440,740.0,149.92709339320007,256,1270,758.0,1
uce-1036.unaligned.fasta,2,3749,1874.5,463.49999999999994,1411,2338,1874.5,2
uce-1037.unaligned.fasta,7,4650,664.2857142857143,78.82098895167282,398,879,687.0,0
uce-1038.unaligned.fasta,6,4225,704.1666666666666,136.83966692609437,322,1133,644.0,2
uce-103.unaligned.fasta,1,1052,1052.0,0,1052,1052,1052.0,1
uce-1040.unaligned.fasta,5,4856,971.2,197.8027805669071,259,1341,1026.0,3
uce-1041.unaligned.fasta,6,5124,854.0,55.47612098912469,691,1061,863.0,1
uce-1042.unaligned.fasta,1,771,771.0,0,771,771,771.0,0
uce-1043.unaligned.fasta,2,1965,982.5,482.5,500,1465,982.5,1
uce-1044.unaligned.fasta,1,617,617.0,0,617,617,617.0,0
uce-1046.unaligned.fasta,4,2972,743.0,237.93766690739264,294,1174,752.0,2
uce-1047.unaligned.fasta,6,4366,727.6666666666666,150.84510083010466,430,1329,555.5,2
uce-1048.unaligned.fasta,2,4178,2089.0,87.0,2002,2176,2089.0,2
uce-1049.unaligned.fasta,3,2286,762.0,122.49217662093092,621,1006,659.0,1
uce-104.unaligned.fasta,3,2343,781.0,183.14748155516637,508,1129,706.0,1
uce-1050.unaligned.fasta,1,964,964.0,0,964,964,964.0,0
uce-1052.unaligned.fasta,1,540,540.0,0,540,540,540.0,0
uce-1054.unaligned.fasta,6,4533,755.5,97.66703640430583,509,1141,726.0,1
uce-1055.unaligned.fasta,5,4286,857.2,130.06590637057812,546,1223,756.0,2
uce-1056.unaligned.fasta,4,3256,814.0,139.84038520160524,416,1044,898.0,1
uce-1057.unaligned.fasta,2,1556,778.0,128.0,650,906,778.0,0
uce-1058.unaligned.fasta,1,292,292.0,0,292,292,292.0,0
uce-1059.unaligned.fasta,1,263,263.0,0,263,263,263.0,0
uce-105.unaligned.fasta,4,2385,596.25,172.4951086263028,325,1063,498.5,1
uce-1060.unaligned.fasta,1,991,991.0,0,991,991,991.0,0
uce-1061.unaligned.fasta,2,1335,667.5,83.5,584,751,667.5,0
uce-106.unaligned.fasta,4,3344,836.0,131.5921730195227,474,1061,904.5,1
uce-107.unaligned.fasta,1,978,978.0,0,978,978,978.0,0
uce-108.unaligned.fasta,2,1180,590.0,25.999999999999996,564,616,590.0,0
uce-109.unaligned.fasta,6,4591,765.1666666666666,120.0234467834422,507,1211,676.0,2
uce-10.unaligned.fasta,2,1376,688.0,201.99999999999997,486,890,688.0,0
uce-110.unaligned.fasta,1,271,271.0,0,271,271,271.0,0
uce-111.unaligned.fasta,4,5036,1259.0,305.38036391796163,416,1809,1405.5,3
uce-112.unaligned.fasta,6,9225,1537.5,279.48580763013115,589,2413,1335.0,5
uce-113.unaligned.fasta,6,3954,659.0,82.56552953058963,437,965,624.0,0
uce-114.unaligned.fasta,6,4638,773.0,102.98414117393675,516,1082,733.0,2
uce-115.unaligned.fasta,5,4788,957.6,81.5307304027138,779,1172,872.0,2
uce-116.unaligned.fasta,4,2162,540.5,165.22333370320308,251,1012,449.5,1
uce-117.unaligned.fasta,2,2119,1059.5,160.5,899,1220,1059.5,1
uce-118.unaligned.fasta,6,4592,765.3333333333334,86.89789666294833,587,1175,704.0,1
uce-119.unaligned.fasta,3,1943,647.6666666666666,232.59143960554047,255,1060,628.0,1
uce-11.unaligned.fasta,5,3431,686.2,77.68294536125673,533,913,599.0,0
uce-120.unaligned.fasta,1,565,565.0,0,565,565,565.0,0
uce-121.unaligned.fasta,1,425,425.0,0,425,425,425.0,0
uce-122.unaligned.fasta,2,1295,647.5,66.5,581,714,647.5,0
uce-123.unaligned.fasta,1,322,322.0,0,322,322,322.0,0
uce-124.unaligned.fasta,2,2855,1427.5,464.49999999999994,963,1892,1427.5,1
uce-126.unaligned.fasta,5,4158,831.6,110.59683539776351,564,1207,786.0,1
uce-127.unaligned.fasta,6,4664,777.3333333333334,86.63127482484474,581,1186,743.0,1
uce-128.unaligned.fasta,4,2413,603.25,78.42127156156889,485,834,547.0,0
uce-12.unaligned.fasta,8,6184,773.0,83.0081751567708,520,1110,701.5,2
uce-130.unaligned.fasta,8,7730,966.25,137.22033246883328,344,1529,955.5,3
uce-131.unaligned.fasta,1,1632,1632.0,0,1632,1632,1632.0,1
uce-132.unaligned.fasta,5,3833,766.6,179.91903734735797,314,1314,797.0,1
uce-134.unaligned.fasta,1,1590,1590.0,0,1590,1590,1590.0,1
uce-135.unaligned.fasta,5,3868,773.6,137.22558070563954,504,1235,667.0,1
uce-136.unaligned.fasta,6,4301,716.8333333333334,77.10227695153439,377,910,766.0,0
uce-137.unaligned.fasta,8,7450,931.25,109.6490749749269,447,1244,972.5,4
uce-138.unaligned.fasta,2,3267,1633.5,12.5,1621,1646,1633.5,2
uce-13.unaligned.fasta,1,311,311.0,0,311,311,311.0,0
uce-140.unaligned.fasta,2,1021,510.5,230.5,280,741,510.5,0
uce-141.unaligned.fasta,3,2223,741.0,181.5938692063511,424,1053,746.0,1
uce-142.unaligned.fasta,6,4694,782.3333333333334,88.6647869474937,435,999,800.0,0
uce-143.unaligned.fasta,8,4858,607.25,78.18424896175883,356,872,640.0,0
uce-144.unaligned.fasta,7,7189,1027.0,128.7374589361361,550,1444,1036.0,4
uce-145.unaligned.fasta,2,955,477.5,33.5,444,511,477.5,0
uce-146.unaligned.fasta,5,3045,609.0,149.15562342734518,273,1132,490.0,1
uce-147.unaligned.fasta,3,2178,726.0,97.53119159188682,533,847,798.0,0
uce-149.unaligned.fasta,7,6291,898.7142857142857,74.83210231855689,649,1117,965.0,3
uce-14.unaligned.fasta,6,5488,914.6666666666666,195.59817086170426,505,1846,775.0,1
uce-150.unaligned.fasta,1,572,572.0,0,572,572,572.0,0
uce-151.unaligned.fasta,4,2550,637.5,122.72360544464676,359,952,619.5,0
uce-152.unaligned.fasta,7,6198,885.4285714285714,105.3680301073693,512,1316,820.0,2
uce-153.unaligned.fasta,5,4485,897.0,139.00467618033574,537,1193,1027.0,3
uce-154.unaligned.fasta,2,1681,840.5,107.5,733,948,840.5,0
uce-155.unaligned.fasta,4,2876,719.0,195.32408965614047,345,1142,694.5,1
uce-156.unaligned.fasta,1,518,518.0,0,518,518,518.0,0
uce-157.unaligned.fasta,7,6371,910.1428571428571,178.00861784534726,398,1807,827.0,3
uce-158.unaligned.fasta,1,505,505.0,0,505,505,505.0,0
uce-15.unaligned.fasta,6,5113,852.1666666666666,82.01520861672209,621,1176,856.5,1
uce-160.unaligned.fasta,1,660,660.0,0,660,660,660.0,0
uce-161.unaligned.fasta,3,2232,744.0,207.9639391817726,422,1133,677.0,1
uce-162.unaligned.fasta,5,5299,1059.8,94.90015806098532,772,1262,1163.0,3
uce-163.unaligned.fasta,3,1854,618.0,46.23130252689549,536,696,622.0,0
uce-164.unaligned.fasta,2,1297,648.5,244.5,404,893,648.5,0
uce-165.unaligned.fasta,3,2895,965.0,349.92713527247355,279,1428,1188.0,2
uce-166.unaligned.fasta,1,877,877.0,0,877,877,877.0,0
uce-167.unaligned.fasta,6,4907,817.8333333333334,139.08520569940015,262,1247,854.0,2
uce-168.unaligned.fasta,8,5181,647.625,86.83686213239167,280,1063,625.0,1
uce-169.unaligned.fasta,2,2293,1146.5,64.5,1082,1211,1146.5,2
uce-16.unaligned.fasta,1,637,637.0,0,637,637,637.0,0
uce-170.unaligned.fasta,8,7248,906.0,134.1901635739371,371,1422,926.0,3
uce-172.unaligned.fasta,2,1833,916.5,30.499999999999996,886,947,916.5,0
uce-173.unaligned.fasta,6,5605,934.1666666666666,88.38831622134481,559,1172,986.0,3
uce-175.unaligned.fasta,8,7197,899.625,113.13723296131498,392,1336,875.5,3
uce-176.unaligned.fasta,2,1699,849.5,289.5,560,1139,849.5,1
uce-178.unaligned.fasta,1,295,295.0,0,295,295,295.0,0
uce-179.unaligned.fasta,7,6937,991.0,153.21133863299508,253,1523,979.0,3
uce-17.unaligned.fasta,1,386,386.0,0,386,386,386.0,0
uce-180.unaligned.fasta,5,3607,721.4,114.88411552516735,439,1014,676.0,1
uce-181.unaligned.fasta,5,3371,674.2,129.00906944862442,301,1066,594.0,1
uce-182.unaligned.fasta,3,2321,773.6666666666666,218.66285565784705,530,1210,581.0,1
uce-183.unaligned.fasta,5,4269,853.8,150.24093982666642,509,1282,725.0,2
uce-184.unaligned.fasta,2,582,291.0,28.999999999999996,262,320,291.0,0
uce-185.unaligned.fasta,1,1052,1052.0,0,1052,1052,1052.0,1
uce-186.unaligned.fasta,4,2802,700.5,148.48035784798833,408,1027,683.5,1
uce-187.unaligned.fasta,2,988,494.0,47.99999999999999,446,542,494.0,0
uce-188.unaligned.fasta,2,1537,768.5,252.49999999999997,516,1021,768.5,1
uce-189.unaligned.fasta,4,2702,675.5,105.53711827283013,444,883,687.5,0
uce-18.unaligned.fasta,1,1701,1701.0,0,1701,1701,1701.0,1
uce-190.unaligned.fasta,4,3365,841.25,98.18551743171359,664,1089,806.0,1
uce-191.unaligned.fasta,3,2413,804.3333333333334,129.8336542571986,563,1008,842.0,1
uce-192.unaligned.fasta,1,540,540.0,0,540,540,540.0,0
uce-193.unaligned.fasta,1,656,656.0,0,656,656,656.0,0
uce-194.unaligned.fasta,2,1884,942.0,413.99999999999994,528,1356,942.0,1
uce-196.unaligned.fasta,1,573,573.0,0,573,573,573.0,0
uce-197.unaligned.fasta,3,2489,829.6666666666666,286.37523946350143,258,1146,1085.0,2
uce-198.unaligned.fasta,5,5087,1017.4,147.32128155836818,559,1470,1050.0,3
uce-199.unaligned.fasta,5,4542,908.4,212.39364397269517,397,1623,832.0,2
uce-19.unaligned.fasta,5,3919,783.8,261.5410866384094,418,1806,555.0,1
uce-1.unaligned.fasta,2,1058,529.0,133.0,396,662,529.0,0
uce-200.unaligned.fasta,8,6188,773.5,73.35724718312237,411,1002,778.5,1
uce-201.unaligned.fasta,2,876,438.0,77.99999999999999,360,516,438.0,0
uce-202.unaligned.fasta,1,1168,1168.0,0,1168,1168,1168.0,1
uce-203.unaligned.fasta,2,4763,2381.5,955.5,1426,3337,2381.5,2
uce-204.unaligned.fasta,3,8856,2952.0,2504.076942374841,414,7960,482.0,1
uce-205.unaligned.fasta,4,3606,901.5,205.52270758564208,368,1280,979.0,2
uce-207.unaligned.fasta,6,4086,681.0,71.07179468678135,514,1000,658.0,1
uce-208.unaligned.fasta,3,1878,626.0,176.01515086302467,278,846,754.0,0
uce-209.unaligned.fasta,5,5087,1017.4,207.87486620560938,338,1504,1062.0,3
uce-20.unaligned.fasta,6,4350,725.0,109.4681079888872,408,1047,773.5,1
uce-210.unaligned.fasta,1,779,779.0,0,779,779,779.0,0
uce-211.unaligned.fasta,6,5375,895.8333333333334,133.27375752354416,518,1335,916.0,2
uce-212.unaligned.fasta,4,2659,664.75,106.70549423530169,461,965,616.5,0
uce-213.unaligned.fasta,4,2988,747.0,45.70375622783464,637,854,748.5,0
uce-214.unaligned.fasta,6,6974,1162.3333333333333,221.82480574643688,376,1642,1394.0,4
uce-215.unaligned.fasta,3,2291,763.6666666666666,169.0269538006028,449,1028,814.0,1
uce-216.unaligned.fasta,2,1991,995.5,348.5,647,1344,995.5,1
uce-217.unaligned.fasta,3,2389,796.3333333333334,159.70528412603565,531,1083,775.0,1
uce-218.unaligned.fasta,8,5403,675.375,119.14126331796217,408,1465,557.5,1
uce-219.unaligned.fasta,1,1086,1086.0,0,1086,1086,1086.0,1
uce-21.unaligned.fasta,4,5654,1413.5,88.60445812711683,1184,1599,1435.5,4
uce-220.unaligned.fasta,4,2712,678.0,133.3122900060856,345,976,695.5,0
uce-221.unaligned.fasta,4,2518,629.5,90.68397506358735,395,833,645.0,0
uce-223.unaligned.fasta,2,872,436.0,144.0,292,580,436.0,0
uce-225.unaligned.fasta,5,3048,609.6,119.2097311464127,355,978,499.0,0
uce-226.unaligned.fasta,8,7369,921.125,96.33024252538763,577,1455,924.5,4
uce-227.unaligned.fasta,6,4864,810.6666666666666,137.04541015460694,359,1163,953.0,2
uce-228.unaligned.fasta,5,3986,797.2,103.58252748412735,568,1154,695.0,1
uce-229.unaligned.fasta,3,1703,567.6666666666666,157.54822894734312,312,855,536.0,0
uce-22.unaligned.fasta,5,8138,1627.6,349.87206233136135,342,2303,1906.0,4
uce-230.unaligned.fasta,1,465,465.0,0,465,465,465.0,0
uce-231.unaligned.fasta,1,413,413.0,0,413,413,413.0,0
uce-233.unaligned.fasta,2,1410,705.0,217.99999999999997,487,923,705.0,0
uce-234.unaligned.fasta,4,2882,720.5,94.77824996625895,524,926,716.0,0
uce-235.unaligned.fasta,5,3434,686.8,114.05805539285684,321,930,741.0,0
uce-236.unaligned.fasta,3,2855,951.6666666666666,211.34516265525878,676,1367,812.0,1
uce-237.unaligned.fasta,3,4492,1497.3333333333333,312.5685702547701,1164,2122,1206.0,3
uce-238.unaligned.fasta,7,4740,677.1428571428571,127.53214880802344,334,1088,487.0,2
uce-239.unaligned.fasta,8,6204,775.5,100.70324154237964,426,1299,797.0,1
uce-23.unaligned.fasta,3,2184,728.0,236.20118543309644,461,1199,524.0,1
uce-240.unaligned.fasta,2,1758,879.0,167.0,712,1046,879.0,1
uce-241.unaligned.fasta,6,9173,1528.8333333333333,314.89971066639265,469,2576,1455.5,5
uce-242.unaligned.fasta,5,4819,963.8,417.1759101386368,410,2621,601.0,1
uce-243.unaligned.fasta,1,401,401.0,0,401,401,401.0,0
uce-244.unaligned.fasta,2,1263,631.5,353.5,278,985,631.5,0
uce-245.unaligned.fasta,3,1877,625.6666666666666,150.24461535923493,430,921,526.0,0
uce-246.unaligned.fasta,2,1768,884.0,69.0,815,953,884.0,0
uce-247.unaligned.fasta,6,4731,788.5,104.46969257476863,544,1060,789.5,3
uce-249.unaligned.fasta,3,2050,683.3333333333334,153.5321175230483,479,984,587.0,0
uce-24.unaligned.fasta,1,1727,1727.0,0,1727,1727,1727.0,1
uce-250.unaligned.fasta,6,4025,670.8333333333334,66.69553541613146,412,884,657.0,0
uce-251.unaligned.fasta,5,3641,728.2,113.46647081847571,420,1022,836.0,1
uce-252.unaligned.fasta,4,5452,1363.0,101.7636149777185,1061,1490,1450.5,4
uce-253.unaligned.fasta,7,6653,950.4285714285714,233.01061258713364,259,2195,795.0,2
uce-254.unaligned.fasta,2,1561,780.5,255.5,525,1036,780.5,1
uce-255.unaligned.fasta,5,5259,1051.8,268.14760860391794,516,2027,946.0,2
uce-257.unaligned.fasta,5,3467,693.4,190.9106073532846,345,1395,548.0,1
uce-258.unaligned.fasta,6,3781,630.1666666666666,94.40035899178444,369,892,651.5,0
uce-259.unaligned.fasta,7,5573,796.1428571428571,104.59978798381239,345,1099,915.0,1
uce-25.unaligned.fasta,3,1730,576.6666666666666,134.12970505364493,380,833,517.0,0
uce-260.unaligned.fasta,4,2242,560.5,144.94855409190302,308,819,557.5,0
uce-261.unaligned.fasta,3,2422,807.3333333333334,271.91685820812546,411,1328,683.0,1
uce-262.unaligned.fasta,2,1315,657.5,87.5,570,745,657.5,0
uce-263.unaligned.fasta,4,3081,770.25,161.09540392781747,473,1164,722.0,1
uce-264.unaligned.fasta,7,5875,839.2857142857143,112.86078957339106,350,1272,774.0,2
uce-266.unaligned.fasta,2,1784,892.0,265.0,627,1157,892.0,1
uce-267.unaligned.fasta,3,2263,754.3333333333334,261.3658568197291,367,1252,644.0,1
uce-268.unaligned.fasta,7,7968,1138.2857142857142,165.05132164121014,488,1651,1066.0,4
uce-269.unaligned.fasta,8,6425,803.125,91.47588236016873,382,1154,744.0,3
uce-270.unaligned.fasta,4,2510,627.5,61.30456752967107,473,729,654.0,0
uce-271.unaligned.fasta,2,1807,903.5,467.49999999999994,436,1371,903.5,1
uce-272.unaligned.fasta,4,3385,846.25,212.16439184431175,424,1272,844.5,2
uce-273.unaligned.fasta,7,6458,922.5714285714286,148.49576828071199,383,1406,942.0,3
uce-274.unaligned.fasta,6,4229,704.8333333333334,95.69061837214997,497,1014,618.0,1
uce-275.unaligned.fasta,1,1052,1052.0,0,1052,1052,1052.0,1
uce-276.unaligned.fasta,2,1653,826.5,179.5,647,1006,826.5,1
uce-277.unaligned.fasta,4,3822,955.5,235.01152454010986,432,1551,919.5,2
uce-278.unaligned.fasta,1,299,299.0,0,299,299,299.0,0
uce-27.unaligned.fasta,2,1493,746.5,88.5,658,835,746.5,0
uce-280.unaligned.fasta,7,5728,818.2857142857143,181.41175400121105,407,1797,753.0,2
uce-284.unaligned.fasta,3,3419,1139.6666666666667,183.35605919751995,773,1328,1318.0,2
uce-285.unaligned.fasta,1,627,627.0,0,627,627,627.0,0
uce-286.unaligned.fasta,1,1706,1706.0,0,1706,1706,1706.0,1
uce-287.unaligned.fasta,4,5417,1354.25,218.57126030961467,843,1842,1366.0,3
uce-288.unaligned.fasta,6,3963,660.5,105.15314228939303,335,939,682.5,0
uce-289.unaligned.fasta,6,4895,815.8333333333334,89.3806155966966,494,1087,836.5,1
uce-290.unaligned.fasta,4,3497,874.25,172.3307744813251,508,1215,887.0,2
uce-291.unaligned.fasta,5,3951,790.2,125.92156288737843,394,1113,848.0,1
uce-292.unaligned.fasta,1,1373,1373.0,0,1373,1373,1373.0,1
uce-293.unaligned.fasta,1,1104,1104.0,0,1104,1104,1104.0,1
uce-294.unaligned.fasta,4,4468,1117.0,401.08540237709974,404,1913,1075.5,2
uce-295.unaligned.fasta,7,4269,609.8571428571429,98.58219402910362,283,1030,509.0,1
uce-296.unaligned.fasta,1,507,507.0,0,507,507,507.0,0
uce-297.unaligned.fasta,4,2565,641.25,129.6696925525262,384,893,644.0,0
uce-299.unaligned.fasta,4,2854,713.5,116.56507481517208,499,994,680.5,0
uce-29.unaligned.fasta,3,3787,1262.3333333333333,432.8480616156719,436,1899,1452.0,2
uce-2.unaligned.fasta,1,1064,1064.0,0,1064,1064,1064.0,1
uce-300.unaligned.fasta,3,2792,930.6666666666666,184.52310906165053,685,1292,815.0,1
uce-301.unaligned.fasta,2,1157,578.5,20.5,558,599,578.5,0
uce-302.unaligned.fasta,1,736,736.0,0,736,736,736.0,0
uce-303.unaligned.fasta,4,3181,795.25,161.0529804132789,391,1176,807.0,1
uce-304.unaligned.fasta,6,5893,982.1666666666666,119.82137167930901,683,1304,969.0,3
uce-305.unaligned.fasta,1,428,428.0,0,428,428,428.0,0
uce-306.unaligned.fasta,5,3224,644.8,159.3067481307681,281,1117,503.0,1
uce-307.unaligned.fasta,1,877,877.0,0,877,877,877.0,0
uce-308.unaligned.fasta,1,1291,1291.0,0,1291,1291,1291.0,1
uce-309.unaligned.fasta,3,3271,1090.3333333333333,665.1491896142132,390,2420,461.0,1
uce-30.unaligned.fasta,7,4584,654.8571428571429,109.21569496739414,295,1046,612.0,1
uce-310.unaligned.fasta,1,1574,1574.0,0,1574,1574,1574.0,1
uce-311.unaligned.fasta,1,1386,1386.0,0,1386,1386,1386.0,1
uce-312.unaligned.fasta,1,675,675.0,0,675,675,675.0,0
uce-313.unaligned.fasta,5,4346,869.2,174.36868984998426,511,1537,763.0,1
uce-314.unaligned.fasta,3,1966,655.3333333333334,235.6100827874544,296,1099,571.0,1
uce-315.unaligned.fasta,2,3565,1782.5,590.5,1192,2373,1782.5,2
uce-317.unaligned.fasta,5,3331,666.2,148.36185493582911,314,1140,599.0,1
uce-318.unaligned.fasta,1,384,384.0,0,384,384,384.0,0
uce-31.unaligned.fasta,5,4933,986.6,116.92416345649004,729,1298,883.0,2
uce-320.unaligned.fasta,4,3354,838.5,260.88455301148053,410,1581,681.5,1
uce-321.unaligned.fasta,2,1656,828.0,140.99999999999997,687,969,828.0,0
uce-322.unaligned.fasta,3,1962,654.0,264.5077188539747,386,1183,393.0,1
uce-323.unaligned.fasta,6,4021,670.1666666666666,100.99551695221153,401,998,604.5,0
uce-324.unaligned.fasta,7,6778,968.2857142857143,127.15957621480675,452,1392,968.0,3
uce-325.unaligned.fasta,2,4160,2080.0,128.0,1952,2208,2080.0,2
uce-326.unaligned.fasta,6,4467,744.5,83.80403729335877,374,985,780.0,0
uce-327.unaligned.fasta,7,5249,749.8571428571429,94.36565874840491,530,1167,598.0,1
uce-329.unaligned.fasta,6,4614,769.0,65.23393799753828,610,964,734.0,0
uce-32.unaligned.fasta,4,2778,694.5,195.97044845248138,315,1070,696.5,1
uce-330.unaligned.fasta,2,1384,692.0,19.0,673,711,692.0,0
uce-332.unaligned.fasta,1,812,812.0,0,812,812,812.0,0
uce-333.unaligned.fasta,1,907,907.0,0,907,907,907.0,0
uce-335.unaligned.fasta,1,657,657.0,0,657,657,657.0,0
uce-336.unaligned.fasta,4,2524,631.0,133.34354127590882,390,966,584.0,0
uce-337.unaligned.fasta,1,4833,4833.0,0,4833,4833,4833.0,1
uce-338.unaligned.fasta,3,2380,793.3333333333334,208.2965300825831,455,1173,752.0,1
uce-339.unaligned.fasta,6,4203,700.5,116.84312845292473,317,1099,680.5,1
uce-340.unaligned.fasta,3,1414,471.3333333333333,46.51284171542785,389,550,475.0,0
uce-341.unaligned.fasta,4,3094,773.5,109.94733587798599,547,1017,765.0,1
uce-342.unaligned.fasta,3,4808,1602.6666666666667,364.11826528081656,907,2137,1764.0,2
uce-343.unaligned.fasta,4,3580,895.0,74.12039755245065,678,1013,944.5,1
uce-344.unaligned.fasta,2,554,277.0,23.0,254,300,277.0,0
uce-345.unaligned.fasta,4,5180,1295.0,268.9340067748964,494,1652,1517.0,3
uce-347.unaligned.fasta,3,2522,840.6666666666666,218.22490946523752,415,1137,970.0,1
uce-348.unaligned.fasta,2,2135,1067.5,276.49999999999994,791,1344,1067.5,1
uce-349.unaligned.fasta,1,473,473.0,0,473,473,473.0,0
uce-350.unaligned.fasta,6,6986,1164.3333333333333,238.75212622671611,556,1932,1073.5,3
uce-352.unaligned.fasta,6,5144,857.3333333333334,84.89941761349786,563,1095,894.0,2
uce-353.unaligned.fasta,1,406,406.0,0,406,406,406.0,0
uce-354.unaligned.fasta,3,2295,765.0,337.6541623219435,284,1416,595.0,1
uce-355.unaligned.fasta,1,432,432.0,0,432,432,432.0,0
uce-356.unaligned.fasta,1,395,395.0,0,395,395,395.0,0
uce-357.unaligned.fasta,3,1515,505.0,59.15234568468101,416,617,482.0,0
uce-358.unaligned.fasta,5,4832,966.4,110.61491761964115,572,1241,1044.0,3
uce-359.unaligned.fasta,3,2547,849.0,223.08144999827607,409,1133,1005.0,2
uce-35.unaligned.fasta,5,2711,542.2,135.1530243834743,259,1023,414.0,1
uce-360.unaligned.fasta,5,4006,801.2,165.69773685841338,298,1192,847.0,2
uce-361.unaligned.fasta,4,2962,740.5,247.3989692783703,251,1397,657.0,1
uce-364.unaligned.fasta,4,2946,736.5,117.28917256081228,465,950,765.5,0
uce-365.unaligned.fasta,6,4964,827.3333333333334,170.92311461915008,367,1575,749.5,1
uce-367.unaligned.fasta,1,574,574.0,0,574,574,574.0,0
uce-368.unaligned.fasta,7,6126,875.1428571428571,111.7781451872261,337,1245,898.0,2
uce-369.unaligned.fasta,1,325,325.0,0,325,325,325.0,0
uce-36.unaligned.fasta,2,1183,591.5,54.49999999999999,537,646,591.5,0
uce-370.unaligned.fasta,2,955,477.5,147.5,330,625,477.5,0
uce-371.unaligned.fasta,3,1742,580.6666666666666,162.83461275512377,296,860,586.0,0
uce-372.unaligned.fasta,5,3767,753.4,142.414395339797,407,1273,701.0,1
uce-373.unaligned.fasta,2,1761,880.5,96.49999999999999,784,977,880.5,0
uce-375.unaligned.fasta,7,5051,721.5714285714286,89.41605724095088,425,1001,685.0,1
uce-376.unaligned.fasta,4,3021,755.25,95.46759921565013,572,945,752.0,0
uce-377.unaligned.fasta,2,2166,1083.0,686.0,397,1769,1083.0,1
uce-378.unaligned.fasta,5,3134,626.8,85.48765992820249,385,902,654.0,0
uce-379.unaligned.fasta,2,1651,825.5,278.5,547,1104,825.5,1
uce-37.unaligned.fasta,5,4396,879.2,107.92098961740481,542,1113,1013.0,3
uce-380.unaligned.fasta,1,265,265.0,0,265,265,265.0,0
uce-381.unaligned.fasta,1,595,595.0,0,595,595,595.0,0
uce-382.unaligned.fasta,1,691,691.0,0,691,691,691.0,0
uce-383.unaligned.fasta,6,4103,683.8333333333334,107.13151315607894,383,1156,640.5,1
uce-384.unaligned.fasta,7,8584,1226.2857142857142,436.82527368261464,445,3755,949.0,3
uce-385.unaligned.fasta,1,1186,1186.0,0,1186,1186,1186.0,1
uce-387.unaligned.fasta,3,2772,924.0,107.9181788825837,721,1089,962.0,1
uce-388.unaligned.fasta,3,1825,608.3333333333334,96.94729381358604,434,769,622.0,0
uce-389.unaligned.fasta,1,311,311.0,0,311,311,311.0,0
uce-38.unaligned.fasta,6,4326,721.0,120.69299896845718,343,1018,807.5,1
uce-390.unaligned.fasta,6,5330,888.3333333333334,147.9528453408195,251,1185,1015.0,3
uce-391.unaligned.fasta,1,1420,1420.0,0,1420,1420,1420.0,1
uce-393.unaligned.fasta,7,7130,1018.5714285714286,129.67190413149808,481,1386,1072.0,4
uce-394.unaligned.fasta,4,2854,713.5,134.54522164189507,405,971,739.0,0
uce-395.unaligned.fasta,7,6073,867.5714285714286,125.09783926093648,346,1178,973.0,3
uce-396.unaligned.fasta,3,2228,742.6666666666666,186.46209027872425,370,941,917.0,0
uce-397.unaligned.fasta,1,793,793.0,0,793,793,793.0,0
uce-398.unaligned.fasta,3,2184,728.0,171.4322023425004,406,991,787.0,0
uce-399.unaligned.fasta,6,4473,745.5,103.8347244422597,395,1088,725.5,1
uce-39.unaligned.fasta,4,5354,1338.5,95.41182666036043,1151,1539,1332.0,4
uce-3.unaligned.fasta,1,393,393.0,0,393,393,393.0,0
uce-402.unaligned.fasta,2,1081,540.5,18.5,522,559,540.5,0
uce-403.unaligned.fasta,1,611,611.0,0,611,611,611.0,0
uce-406.unaligned.fasta,4,4245,1061.25,329.19279432170646,418,1766,1030.5,2
uce-407.unaligned.fasta,1,1382,1382.0,0,1382,1382,1382.0,1
uce-408.unaligned.fasta,2,3918,1959.0,25.999999999999996,1933,1985,1959.0,2
uce-409.unaligned.fasta,3,2852,950.6666666666666,106.46021687831458,790,1152,910.0,1
uce-40.unaligned.fasta,1,500,500.0,0,500,500,500.0,0
uce-410.unaligned.fasta,4,2344,586.0,136.875247336154,299,941,552.0,0
uce-411.unaligned.fasta,2,2389,1194.5,803.4999999999999,391,1998,1194.5,1
uce-412.unaligned.fasta,6,4162,693.6666666666666,102.0789454839298,470,1181,634.5,1
uce-413.unaligned.fasta,7,5685,812.1428571428571,126.2383287526356,423,1315,783.0,2
uce-414.unaligned.fasta,1,1619,1619.0,0,1619,1619,1619.0,1
uce-415.unaligned.fasta,4,2971,742.75,73.55086108718692,568,911,746.0,0
uce-417.unaligned.fasta,1,466,466.0,0,466,466,466.0,0
uce-418.unaligned.fasta,1,869,869.0,0,869,869,869.0,0
uce-419.unaligned.fasta,1,508,508.0,0,508,508,508.0,0
uce-41.unaligned.fasta,1,934,934.0,0,934,934,934.0,0
uce-421.unaligned.fasta,1,760,760.0,0,760,760,760.0,0
uce-422.unaligned.fasta,3,2231,743.6666666666666,134.81633597025416,509,976,746.0,0
uce-423.unaligned.fasta,5,3383,676.6,104.83205616604111,452,1028,716.0,1
uce-424.unaligned.fasta,2,1747,873.5,173.49999999999997,700,1047,873.5,1
uce-425.unaligned.fasta,1,557,557.0,0,557,557,557.0,0
uce-426.unaligned.fasta,6,4115,685.8333333333334,106.83520539181413,262,1036,713.5,1
uce-427.unaligned.fasta,1,1025,1025.0,0,1025,1025,1025.0,1
uce-428.unaligned.fasta,3,4265,1421.6666666666667,333.9113322092825,754,1768,1743.0,2
uce-429.unaligned.fasta,2,2396,1198.0,801.0,397,1999,1198.0,1
uce-430.unaligned.fasta,2,1019,509.5,173.49999999999997,336,683,509.5,0
uce-431.unaligned.fasta,1,491,491.0,0,491,491,491.0,0
uce-432.unaligned.fasta,1,416,416.0,0,416,416,416.0,0
uce-434.unaligned.fasta,3,1964,654.6666666666666,178.6032225664227,330,946,688.0,0
uce-435.unaligned.fasta,6,7337,1222.8333333333333,164.7993561206408,751,1707,1267.0,4
uce-436.unaligned.fasta,6,4969,828.1666666666666,162.0963533759405,444,1553,709.0,1
uce-437.unaligned.fasta,5,4490,898.0,170.6071510810728,327,1253,915.0,2
uce-438.unaligned.fasta,3,1790,596.6666666666666,214.85679985619362,263,998,529.0,0
uce-439.unaligned.fasta,1,495,495.0,0,495,495,495.0,0
uce-43.unaligned.fasta,1,611,611.0,0,611,611,611.0,0
uce-440.unaligned.fasta,3,1394,464.6666666666667,107.69143162036822,253,605,536.0,0
uce-441.unaligned.fasta,3,2668,889.3333333333334,135.1756059518301,626,1074,968.0,1
uce-442.unaligned.fasta,5,5233,1046.6,164.54470517157333,495,1421,1099.0,3
uce-443.unaligned.fasta,1,483,483.0,0,483,483,483.0,0
uce-444.unaligned.fasta,5,4606,921.2,128.48478509146523,591,1308,813.0,2
uce-445.unaligned.fasta,1,1205,1205.0,0,1205,1205,1205.0,1
uce-446.unaligned.fasta,5,4922,984.4,107.60789933829207,715,1254,1057.0,3
uce-448.unaligned.fasta,2,935,467.5,20.5,447,488,467.5,0
uce-449.unaligned.fasta,4,3169,792.25,131.13058059303583,473,1011,842.5,2
uce-44.unaligned.fasta,6,5743,957.1666666666666,255.74354559032597,441,2182,805.5,1
uce-450.unaligned.fasta,4,2835,708.75,128.79012319791192,334,914,793.5,0
uce-451.unaligned.fasta,2,2207,1103.5,720.5,383,1824,1103.5,1
uce-452.unaligned.fasta,5,4461,892.2,189.78472014364064,413,1409,1029.0,3
uce-454.unaligned.fasta,2,1602,801.0,529.0,272,1330,801.0,1
uce-455.unaligned.fasta,1,390,390.0,0,390,390,390.0,0
uce-456.unaligned.fasta,2,918,459.0,59.0,400,518,459.0,0
uce-457.unaligned.fasta,3,1654,551.3333333333334,56.94831965133925,444,638,572.0,0
uce-458.unaligned.fasta,7,6800,971.4285714285714,153.84978096195266,543,1640,903.0,2
uce-459.unaligned.fasta,6,5983,997.1666666666666,231.9605450166999,346,1689,1005.0,3
uce-45.unaligned.fasta,5,5397,1079.4,173.49368864601388,534,1551,1162.0,3
uce-460.unaligned.fasta,2,2282,1141.0,634.9999999999999,506,1776,1141.0,1
uce-461.unaligned.fasta,1,1468,1468.0,0,1468,1468,1468.0,1
uce-462.unaligned.fasta,2,2286,1143.0,365.99999999999994,777,1509,1143.0,1
uce-463.unaligned.fasta,1,618,618.0,0,618,618,618.0,0
uce-464.unaligned.fasta,6,4572,762.0,82.19975669063749,491,1047,716.5,1
uce-465.unaligned.fasta,1,451,451.0,0,451,451,451.0,0
uce-466.unaligned.fasta,1,1219,1219.0,0,1219,1219,1219.0,1
uce-467.unaligned.fasta,3,2510,836.6666666666666,37.56919541917879,790,911,809.0,0
uce-468.unaligned.fasta,7,7308,1044.0,148.5948470554365,493,1640,1058.0,5
uce-469.unaligned.fasta,1,955,955.0,0,955,955,955.0,0
uce-46.unaligned.fasta,1,2004,2004.0,0,2004,2004,2004.0,1
uce-470.unaligned.fasta,1,1081,1081.0,0,1081,1081,1081.0,1
uce-471.unaligned.fasta,8,6643,830.375,79.45212788214045,557,1249,772.5,1
uce-474.unaligned.fasta,5,3481,696.2,171.93295204817485,279,1114,775.0,1
uce-475.unaligned.fasta,2,2242,1121.0,803.0,318,1924,1121.0,1
uce-476.unaligned.fasta,3,3030,1010.0,249.5081828985441,757,1509,764.0,1
uce-477.unaligned.fasta,1,352,352.0,0,352,352,352.0,0
uce-478.unaligned.fasta,1,615,615.0,0,615,615,615.0,0
uce-479.unaligned.fasta,1,1564,1564.0,0,1564,1564,1564.0,1
uce-47.unaligned.fasta,7,5966,852.2857142857143,80.54183009193312,512,1163,836.0,2
uce-481.unaligned.fasta,5,3851,770.2,144.49408292383464,259,1042,837.0,2
uce-483.unaligned.fasta,2,1076,538.0,169.0,369,707,538.0,0
uce-484.unaligned.fasta,6,4935,822.5,137.58676050647702,250,1153,870.0,3
uce-485.unaligned.fasta,5,4233,846.6,103.50294681795296,538,1111,931.0,1
uce-487.unaligned.fasta,1,682,682.0,0,682,682,682.0,0
uce-488.unaligned.fasta,6,6629,1104.8333333333333,94.7696915920087,868,1383,1063.5,3
uce-489.unaligned.fasta,1,541,541.0,0,541,541,541.0,0
uce-48.unaligned.fasta,4,3695,923.75,131.26968106408526,626,1244,912.5,2
uce-490.unaligned.fasta,2,3123,1561.5,973.5,588,2535,1561.5,1
uce-491.unaligned.fasta,6,4531,755.1666666666666,115.16000945544327,367,1080,781.5,2
uce-492.unaligned.fasta,2,713,356.5,106.49999999999999,250,463,356.5,0
uce-493.unaligned.fasta,7,5584,797.7142857142857,80.11441647975197,472,978,890.0,0
uce-494.unaligned.fasta,7,5439,777.0,108.84283120519194,450,1140,779.0,3
uce-495.unaligned.fasta,2,2847,1423.5,245.5,1178,1669,1423.5,2
uce-496.unaligned.fasta,2,1038,519.0,70.0,449,589,519.0,0
uce-497.unaligned.fasta,6,4962,827.0,124.63680569291455,513,1231,782.5,2
uce-498.unaligned.fasta,3,2585,861.6666666666666,95.52021310231208,673,982,930.0,0
uce-49.unaligned.fasta,2,2136,1068.0,558.0,510,1626,1068.0,1
uce-4.unaligned.fasta,6,5324,887.3333333333334,149.3159216039751,505,1490,840.5,3
uce-501.unaligned.fasta,6,4138,689.6666666666666,110.12770364949553,258,1033,669.5,1
uce-502.unaligned.fasta,2,1134,567.0,226.0,341,793,567.0,0
uce-503.unaligned.fasta,4,3020,755.0,162.34890411292176,380,1151,744.5,1
uce-504.unaligned.fasta,2,963,481.5,63.49999999999999,418,545,481.5,0
uce-505.unaligned.fasta,8,5825,728.125,114.45826399359974,344,1282,665.0,1
uce-506.unaligned.fasta,5,4092,818.4,201.9006191174262,326,1286,1000.0,3
uce-507.unaligned.fasta,5,4316,863.2,97.2935763552764,587,1119,925.0,1
uce-508.unaligned.fasta,7,5246,749.4285714285714,109.6494103827235,261,1091,762.0,2
uce-509.unaligned.fasta,6,4769,794.8333333333334,95.37135022869522,534,1082,747.0,2
uce-50.unaligned.fasta,3,1460,486.6666666666667,203.40545169138852,254,892,314.0,0
uce-510.unaligned.fasta,6,4482,747.0,123.70233088615053,399,1080,761.5,2
uce-511.unaligned.fasta,3,2172,724.0,221.4324577231923,427,1157,588.0,1
uce-512.unaligned.fasta,3,1647,549.0,76.39589866827495,409,672,566.0,0
uce-513.unaligned.fasta,8,6473,809.125,86.97935664364766,509,1220,733.0,3
uce-514.unaligned.fasta,3,3147,1049.0,160.25708512678415,746,1291,1110.0,2
uce-515.unaligned.fasta,1,2099,2099.0,0,2099,2099,2099.0,1
uce-516.unaligned.fasta,5,4511,902.2,117.81824985968852,471,1155,968.0,2
uce-517.unaligned.fasta,4,3984,996.0,254.53814383440974,401,1455,1064.0,2
uce-518.unaligned.fasta,1,498,498.0,0,498,498,498.0,0
uce-519.unaligned.fasta,7,5198,742.5714285714286,97.00340130091098,422,1071,650.0,1
uce-51.unaligned.fasta,8,7194,899.25,112.69455399441446,516,1436,754.5,3
uce-520.unaligned.fasta,1,433,433.0,0,433,433,433.0,0
uce-521.unaligned.fasta,2,1728,864.0,370.0,494,1234,864.0,1
uce-522.unaligned.fasta,3,2093,697.6666666666666,184.18499154684432,509,1066,518.0,1
uce-523.unaligned.fasta,9,6281,697.8888888888889,82.7792319037082,297,1056,684.0,1
uce-524.unaligned.fasta,4,3047,761.75,152.66869085266524,464,1087,748.0,1
uce-525.unaligned.fasta,1,269,269.0,0,269,269,269.0,0
uce-526.unaligned.fasta,6,6186,1031.0,127.17101346874087,573,1506,1014.5,3
uce-527.unaligned.fasta,3,3019,1006.3333333333334,142.67951655526608,728,1200,1091.0,2
uce-528.unaligned.fasta,7,6678,954.0,96.1375502674609,581,1307,1025.0,4
uce-529.unaligned.fasta,2,1234,617.0,101.99999999999999,515,719,617.0,0
uce-52.unaligned.fasta,7,6752,964.5714285714286,272.6678475765722,356,2523,755.0,2
uce-530.unaligned.fasta,2,1560,780.0,248.99999999999997,531,1029,780.0,1
uce-531.unaligned.fasta,4,2057,514.25,120.81071627412308,272,819,483.0,0
uce-532.unaligned.fasta,4,2632,658.0,141.6827441857335,326,968,669.0,0
uce-534.unaligned.fasta,2,954,477.0,110.0,367,587,477.0,0
uce-536.unaligned.fasta,2,1217,608.5,200.5,408,809,608.5,0
uce-537.unaligned.fasta,1,489,489.0,0,489,489,489.0,0
uce-538.unaligned.fasta,1,576,576.0,0,576,576,576.0,0
uce-539.unaligned.fasta,6,5393,898.8333333333334,96.55686292427785,486,1112,972.5,3
uce-53.unaligned.fasta,1,384,384.0,0,384,384,384.0,0
uce-540.unaligned.fasta,1,373,373.0,0,373,373,373.0,0
uce-542.unaligned.fasta,4,4082,1020.5,132.05649043748917,709,1353,1010.0,2
uce-544.unaligned.fasta,3,2517,839.0,166.96506620647727,515,1071,931.0,1
uce-545.unaligned.fasta,3,1876,625.3333333333334,256.304723154122,323,1135,418.0,1
uce-546.unaligned.fasta,2,1292,646.0,2.9999999999999996,643,649,646.0,0
uce-547.unaligned.fasta,5,3506,701.2,279.70294957329287,271,1783,516.0,1
uce-548.unaligned.fasta,3,2963,987.6666666666666,248.39104474821778,610,1456,897.0,1
uce-549.unaligned.fasta,5,3952,790.4,88.6485194461814,495,1017,843.0,1
uce-550.unaligned.fasta,1,822,822.0,0,822,822,822.0,0
uce-551.unaligned.fasta,6,4545,757.5,98.9739864812972,527,1105,686.0,1
uce-552.unaligned.fasta,2,903,451.5,36.49999999999999,415,488,451.5,0
uce-553.unaligned.fasta,5,4306,861.2,174.08285383690145,251,1195,923.0,2
uce-554.unaligned.fasta,2,853,426.5,19.499999999999996,407,446,426.5,0
uce-555.unaligned.fasta,7,6273,896.1428571428571,106.07554104581915,559,1344,835.0,3
uce-556.unaligned.fasta,1,349,349.0,0,349,349,349.0,0
uce-557.unaligned.fasta,3,2387,795.6666666666666,194.00544093172005,424,1078,885.0,1
uce-558.unaligned.fasta,5,4347,869.4,74.90300394510223,661,1026,962.0,1
uce-559.unaligned.fasta,1,794,794.0,0,794,794,794.0,0
uce-560.unaligned.fasta,1,495,495.0,0,495,495,495.0,0
uce-562.unaligned.fasta,5,3278,655.6,124.60240768139272,295,1067,613.0,1
uce-563.unaligned.fasta,4,3293,823.25,187.47683190197128,387,1212,847.0,2
uce-564.unaligned.fasta,6,6731,1121.8333333333333,256.0100800966851,529,1854,958.5,3
uce-565.unaligned.fasta,4,2953,738.25,136.4907658659247,432,1085,718.0,1
uce-566.unaligned.fasta,6,3728,621.3333333333334,89.08635012041844,279,811,688.0,0
uce-567.unaligned.fasta,3,2036,678.6666666666666,168.1639411738174,432,1000,604.0,1
uce-568.unaligned.fasta,2,1051,525.5,60.49999999999999,465,586,525.5,0
uce-569.unaligned.fasta,2,1665,832.5,371.5,461,1204,832.5,1
uce-56.unaligned.fasta,6,4473,745.5,127.5857228167269,367,1177,698.5,2
uce-572.unaligned.fasta,3,2698,899.3333333333334,141.9557834131616,627,1105,966.0,1
uce-573.unaligned.fasta,3,2580,860.0,290.39800274795283,444,1419,717.0,1
uce-574.unaligned.fasta,5,4640,928.0,181.78558798760696,423,1249,1177.0,3
uce-576.unaligned.fasta,4,3093,773.25,172.69499847997915,377,1110,803.0,2
uce-577.unaligned.fasta,1,560,560.0,0,560,560,560.0,0
uce-578.unaligned.fasta,1,395,395.0,0,395,395,395.0,0
uce-57.unaligned.fasta,2,2567,1283.5,809.5,474,2093,1283.5,1
uce-580.unaligned.fasta,2,870,435.0,51.99999999999999,383,487,435.0,0
uce-581.unaligned.fasta,3,1405,468.3333333333333,83.95302919556335,336,624,445.0,0
uce-582.unaligned.fasta,5,5012,1002.4,127.585500743619,627,1347,1078.0,3
uce-583.unaligned.fasta,8,6791,848.875,165.13516514618303,399,1830,700.5,2
uce-584.unaligned.fasta,1,497,497.0,0,497,497,497.0,0
uce-585.unaligned.fasta,4,3293,823.25,171.8086993334932,331,1128,917.0,1
uce-586.unaligned.fasta,2,1544,772.0,160.0,612,932,772.0,0
uce-587.unaligned.fasta,2,1280,640.0,147.0,493,787,640.0,0
uce-58.unaligned.fasta,3,2375,791.6666666666666,91.23108631991134,645,959,771.0,0
uce-590.unaligned.fasta,3,2441,813.6666666666666,194.1831895687964,525,1183,733.0,1
uce-591.unaligned.fasta,4,3319,829.75,108.97581918327876,579,1090,825.0,1
uce-593.unaligned.fasta,5,3790,758.0,120.49315333246118,315,1009,790.0,1
uce-594.unaligned.fasta,1,317,317.0,0,317,317,317.0,0
uce-595.unaligned.fasta,6,4575,762.5,99.73656968902297,427,1014,799.5,1
uce-596.unaligned.fasta,4,2818,704.5,153.55807804649461,332,1083,701.5,1
uce-597.unaligned.fasta,6,4422,737.0,119.85519040353101,397,1221,676.0,1
uce-598.unaligned.fasta,8,6698,837.25,80.9717212541338,595,1251,746.5,2
uce-599.unaligned.fasta,3,2528,842.6666666666666,257.43888163557926,466,1335,727.0,1
uce-59.unaligned.fasta,1,1380,1380.0,0,1380,1380,1380.0,1
uce-5.unaligned.fasta,1,758,758.0,0,758,758,758.0,0
uce-600.unaligned.fasta,5,3196,639.2,120.1163602512164,422,1085,616.0,1
uce-601.unaligned.fasta,8,5494,686.75,77.42110039074802,413,937,628.5,0
uce-603.unaligned.fasta,5,2922,584.4,86.01197591033473,376,793,616.0,0
uce-604.unaligned.fasta,2,1530,765.0,206.99999999999997,558,972,765.0,0
uce-605.unaligned.fasta,1,670,670.0,0,670,670,670.0,0
uce-606.unaligned.fasta,6,5159,859.8333333333334,127.83880909610788,382,1191,863.0,2
uce-607.unaligned.fasta,8,6562,820.25,68.16465097730013,559,1106,780.5,2
uce-608.unaligned.fasta,1,419,419.0,0,419,419,419.0,0
uce-609.unaligned.fasta,6,4496,749.3333333333334,98.80238413677634,401,997,812.0,0
uce-60.unaligned.fasta,7,4809,687.0,80.049984384758,358,979,685.0,0
uce-610.unaligned.fasta,6,4819,803.1666666666666,156.21084398266908,454,1428,694.5,2
uce-611.unaligned.fasta,3,2301,767.0,86.58136828055639,639,932,730.0,0
uce-613.unaligned.fasta,3,3536,1178.6666666666667,211.3743388188621,792,1520,1224.0,2
uce-614.unaligned.fasta,4,6086,1521.5,406.6508535176911,400,2270,1708.0,3
uce-615.unaligned.fasta,1,571,571.0,0,571,571,571.0,0
uce-616.unaligned.fasta,1,917,917.0,0,917,917,917.0,0
uce-617.unaligned.fasta,6,4737,789.5,70.40584729504599,642,1051,727.0,1
uce-618.unaligned.fasta,2,1819,909.5,363.49999999999994,546,1273,909.5,1
uce-61.unaligned.fasta,4,2566,641.5,132.0722655720471,269,840,728.5,0
uce-620.unaligned.fasta,4,2876,719.0,136.33475956874193,448,968,730.0,0
uce-621.unaligned.fasta,4,3816,954.0,80.74858099888402,727,1109,990.0,1
uce-622.unaligned.fasta,1,2076,2076.0,0,2076,2076,2076.0,1
uce-623.unaligned.fasta,3,1916,638.6666666666666,105.02433580418928,519,848,549.0,0
uce-624.unaligned.fasta,4,2669,667.25,178.8455455600353,253,989,713.5,0
uce-625.unaligned.fasta,3,3157,1052.3333333333333,385.2844548007499,282,1454,1421.0,2
uce-628.unaligned.fasta,1,530,530.0,0,530,530,530.0,0
uce-62.unaligned.fasta,8,6435,804.375,101.2786004579165,267,1183,771.0,2
uce-630.unaligned.fasta,3,1624,541.3333333333334,216.79970274682367,257,967,400.0,0
uce-631.unaligned.fasta,1,361,361.0,0,361,361,361.0,0
uce-633.unaligned.fasta,4,3692,923.0,28.641461787648574,864,994,917.0,0
uce-635.unaligned.fasta,6,4900,816.6666666666666,156.25911528967234,256,1283,792.0,2
uce-636.unaligned.fasta,3,2054,684.6666666666666,175.35139323972055,469,1032,553.0,1
uce-637.unaligned.fasta,3,2232,744.0,241.5291562800097,457,1224,551.0,1
uce-638.unaligned.fasta,6,4238,706.3333333333334,77.55370898788645,432,883,743.0,0
uce-639.unaligned.fasta,3,2136,712.0,171.9806190631181,454,1038,644.0,1
uce-63.unaligned.fasta,2,1588,794.0,208.99999999999997,585,1003,794.0,1
uce-640.unaligned.fasta,2,1491,745.5,390.5,355,1136,745.5,1
uce-641.unaligned.fasta,7,4869,695.5714285714286,98.26103649217734,372,1013,692.0,2
uce-642.unaligned.fasta,1,792,792.0,0,792,792,792.0,0
uce-644.unaligned.fasta,2,2267,1133.5,663.4999999999999,470,1797,1133.5,1
uce-645.unaligned.fasta,4,3567,891.75,96.32010433964449,637,1069,930.5,2
uce-646.unaligned.fasta,2,1483,741.5,201.5,540,943,741.5,0
uce-648.unaligned.fasta,4,4058,1014.5,335.6648874497699,406,1826,913.0,2
uce-649.unaligned.fasta,5,3508,701.6,156.5444345864777,411,1094,495.0,2
uce-64.unaligned.fasta,3,2472,824.0,43.26661530556787,740,884,848.0,0
uce-650.unaligned.fasta,1,400,400.0,0,400,400,400.0,0
uce-651.unaligned.fasta,3,3399,1133.0,285.66472189147424,772,1697,930.0,1
uce-652.unaligned.fasta,4,3107,776.75,69.03788211313167,633,914,780.0,0
uce-653.unaligned.fasta,8,5877,734.625,122.60606741861164,351,1342,753.0,2
uce-654.unaligned.fasta,3,1851,617.0,126.5029643921438,364,745,742.0,0
uce-655.unaligned.fasta,5,3756,751.2,115.03929763346088,455,1043,664.0,1
uce-656.unaligned.fasta,2,1725,862.5,110.5,752,973,862.5,0
uce-658.unaligned.fasta,7,10256,1465.142857142857,585.3491196172885,627,4942,1080.0,4
uce-65.unaligned.fasta,6,4445,740.8333333333334,116.47415068493859,276,1106,806.5,1
uce-660.unaligned.fasta,4,3335,833.75,157.9295069537883,436,1166,866.5,1
uce-662.unaligned.fasta,6,3919,653.1666666666666,115.90151470585323,345,1000,596.5,1
uce-663.unaligned.fasta,2,1264,632.0,115.99999999999999,516,748,632.0,0
uce-664.unaligned.fasta,2,1896,948.0,467.99999999999994,480,1416,948.0,1
uce-665.unaligned.fasta,1,450,450.0,0,450,450,450.0,0
uce-666.unaligned.fasta,2,1423,711.5,321.49999999999994,390,1033,711.5,1
uce-667.unaligned.fasta,5,5277,1055.4,202.83973969614536,564,1469,1200.0,3
uce-669.unaligned.fasta,2,1157,578.5,29.5,549,608,578.5,0
uce-66.unaligned.fasta,1,499,499.0,0,499,499,499.0,0
uce-670.unaligned.fasta,6,5311,885.1666666666666,67.58274763412463,644,1091,895.5,2
uce-672.unaligned.fasta,6,4252,708.6666666666666,102.56694290938859,322,955,765.5,0
uce-673.unaligned.fasta,1,630,630.0,0,630,630,630.0,0
uce-674.unaligned.fasta,4,2942,735.5,87.58281794964124,498,915,764.5,0
uce-675.unaligned.fasta,3,2934,978.0,96.50043177796321,799,1130,1005.0,2
uce-676.unaligned.fasta,7,12406,1772.2857142857142,789.5732335613097,689,6490,1071.0,4
uce-677.unaligned.fasta,1,422,422.0,0,422,422,422.0,0
uce-678.unaligned.fasta,3,2586,862.0,96.30334019821603,745,1053,788.0,1
uce-679.unaligned.fasta,4,2834,708.5,215.9917050876414,274,1160,700.0,1
uce-67.unaligned.fasta,1,1350,1350.0,0,1350,1350,1350.0,1
uce-680.unaligned.fasta,1,659,659.0,0,659,659,659.0,0
uce-681.unaligned.fasta,1,659,659.0,0,659,659,659.0,0
uce-682.unaligned.fasta,4,2442,610.5,156.31458665140627,272,920,625.0,0
uce-683.unaligned.fasta,6,3745,624.1666666666666,152.45423721380934,275,1254,497.0,1
uce-684.unaligned.fasta,5,4185,837.0,120.9590839912406,525,1077,936.0,2
uce-687.unaligned.fasta,4,2715,678.75,139.38338913466936,381,1052,641.0,1
uce-688.unaligned.fasta,3,5224,1741.3333333333333,170.76527099436169,1431,2020,1773.0,3
uce-689.unaligned.fasta,2,715,357.5,52.5,305,410,357.5,0
uce-68.unaligned.fasta,4,4977,1244.25,254.9265825683936,483,1567,1463.5,3
uce-690.unaligned.fasta,3,2677,892.3333333333334,87.833807715354,744,1048,885.0,1
uce-691.unaligned.fasta,7,5246,749.4285714285714,84.54693178033953,490,1020,747.0,1
uce-692.unaligned.fasta,3,3162,1054.0,193.31149301925467,842,1440,880.0,1
uce-693.unaligned.fasta,1,919,919.0,0,919,919,919.0,0
uce-694.unaligned.fasta,1,429,429.0,0,429,429,429.0,0
uce-696.unaligned.fasta,4,2335,583.75,127.80543480880094,269,895,585.5,0
uce-697.unaligned.fasta,5,4603,920.6,183.1487373693851,445,1293,1175.0,3
uce-699.unaligned.fasta,1,359,359.0,0,359,359,359.0,0
uce-69.unaligned.fasta,3,3455,1151.6666666666667,131.07928050526436,927,1381,1147.0,2
uce-6.unaligned.fasta,1,481,481.0,0,481,481,481.0,0
uce-700.unaligned.fasta,2,2328,1164.0,594.9999999999999,569,1759,1164.0,1
uce-702.unaligned.fasta,3,1892,630.6666666666666,159.56433742468204,389,932,571.0,0
uce-703.unaligned.fasta,2,1372,686.0,138.0,548,824,686.0,0
uce-704.unaligned.fasta,2,901,450.5,36.49999999999999,414,487,450.5,0
uce-706.unaligned.fasta,3,2206,735.3333333333334,140.2549266316319,562,1013,631.0,1
uce-707.unaligned.fasta,1,807,807.0,0,807,807,807.0,0
uce-708.unaligned.fasta,4,3173,793.25,104.76113703723024,556,970,823.5,0
uce-709.unaligned.fasta,2,1712,856.0,280.0,576,1136,856.0,1
uce-70.unaligned.fasta,5,4336,867.2,175.07409859827922,260,1315,898.0,2
uce-710.unaligned.fasta,3,1840,613.3333333333334,148.3344569245835,394,896,550.0,0
uce-711.unaligned.fasta,1,1338,1338.0,0,1338,1338,1338.0,1
uce-712.unaligned.fasta,7,5807,829.5714285714286,200.22759159360166,281,1848,608.0,3
uce-714.unaligned.fasta,2,1204,602.0,153.0,449,755,602.0,0
uce-716.unaligned.fasta,3,3813,1271.0,165.20290554345587,961,1525,1327.0,2
uce-717.unaligned.fasta,4,3046,761.5,88.8045606936941,562,968,758.0,0
uce-719.unaligned.fasta,3,1806,602.0,63.129496539520524,476,672,658.0,0
uce-71.unaligned.fasta,3,1844,614.6666666666666,95.69453717137905,515,806,523.0,0
uce-720.unaligned.fasta,8,6349,793.625,87.12202802883517,453,1041,843.5,3
uce-721.unaligned.fasta,1,990,990.0,0,990,990,990.0,0
uce-723.unaligned.fasta,2,1445,722.5,119.49999999999999,603,842,722.5,0
uce-724.unaligned.fasta,4,2359,589.75,181.43748923527355,321,1122,458.0,1
uce-726.unaligned.fasta,4,2707,676.75,97.64849802565662,415,888,702.0,0
uce-727.unaligned.fasta,3,4847,1615.6666666666667,842.3167126707416,382,3226,1239.0,2
uce-728.unaligned.fasta,2,2289,1144.5,136.5,1008,1281,1144.5,2
uce-729.unaligned.fasta,2,1285,642.5,132.5,510,775,642.5,0
uce-72.unaligned.fasta,1,843,843.0,0,843,843,843.0,0
uce-730.unaligned.fasta,2,3065,1532.5,296.49999999999994,1236,1829,1532.5,2
uce-731.unaligned.fasta,6,4913,818.8333333333334,159.54005070131382,309,1230,822.0,3
uce-732.unaligned.fasta,2,1826,913.0,299.0,614,1212,913.0,1
uce-733.unaligned.fasta,4,2871,717.75,87.37693726989214,472,849,775.0,0
uce-734.unaligned.fasta,2,1048,524.0,1.0,523,525,524.0,0
uce-735.unaligned.fasta,5,5682,1136.4,221.7788538161382,637,1688,923.0,2
uce-736.unaligned.fasta,3,2637,879.0,402.00663344444126,473,1683,481.0,1
uce-738.unaligned.fasta,3,1753,584.3333333333334,84.99869280040593,415,682,656.0,0
uce-739.unaligned.fasta,2,1423,711.5,142.5,569,854,711.5,0
uce-73.unaligned.fasta,3,1940,646.6666666666666,169.78450393889833,438,983,519.0,0
uce-741.unaligned.fasta,5,4617,923.4,118.3564953857624,527,1242,941.0,2
uce-742.unaligned.fasta,2,884,442.0,15.0,427,457,442.0,0
uce-743.unaligned.fasta,4,4494,1123.5,243.48186106292735,419,1518,1278.5,3
uce-745.unaligned.fasta,1,1743,1743.0,0,1743,1743,1743.0,1
uce-746.unaligned.fasta,6,4710,785.0,76.47570420292534,444,940,839.5,0
uce-747.unaligned.fasta,2,1498,749.0,284.0,465,1033,749.0,1
uce-748.unaligned.fasta,6,4822,803.6666666666666,200.49233845156726,417,1767,672.5,1
uce-749.unaligned.fasta,5,4709,941.8,133.95648547196214,451,1185,1058.0,3
uce-74.unaligned.fasta,4,4623,1155.75,282.985975800922,374,1713,1268.0,3
uce-750.unaligned.fasta,6,4478,746.3333333333334,72.8673071030105,500,944,770.5,0
uce-751.unaligned.fasta,1,890,890.0,0,890,890,890.0,0
uce-753.unaligned.fasta,4,3289,822.25,114.76815397429144,517,1052,860.0,1
uce-754.unaligned.fasta,6,4774,795.6666666666666,105.8346719075454,466,1162,705.5,2
uce-755.unaligned.fasta,3,2039,679.6666666666666,221.8861069207454,355,1104,580.0,1
uce-756.unaligned.fasta,2,1629,814.5,26.499999999999996,788,841,814.5,0
uce-757.unaligned.fasta,2,2627,1313.5,209.5,1104,1523,1313.5,2
uce-759.unaligned.fasta,7,6445,920.7142857142857,139.0040619971254,549,1426,926.0,3
uce-75.unaligned.fasta,5,3669,733.8,83.84831542732387,510,942,797.0,0
uce-760.unaligned.fasta,7,5582,797.4285714285714,95.43430977899507,450,1108,673.0,3
uce-761.unaligned.fasta,4,2135,533.75,124.87418668403811,329,871,467.5,0
uce-762.unaligned.fasta,7,5841,834.4285714285714,63.83903013601853,586,1046,832.0,2
uce-763.unaligned.fasta,2,2015,1007.5,218.49999999999997,789,1226,1007.5,1
uce-765.unaligned.fasta,3,2890,963.3333333333334,71.21407476366203,835,1081,974.0,1
uce-766.unaligned.fasta,3,1865,621.6666666666666,241.68597624006054,328,1101,436.0,1
uce-767.unaligned.fasta,3,2383,794.3333333333334,162.12066836499017,497,1055,831.0,1
uce-768.unaligned.fasta,9,7474,830.4444444444445,87.2265745552465,401,1174,820.0,3
uce-769.unaligned.fasta,5,3732,746.4,110.80821269202026,488,1029,638.0,1
uce-76.unaligned.fasta,2,1660,830.0,577.0,253,1407,830.0,1
uce-770.unaligned.fasta,5,6083,1216.6,192.9947149535448,669,1700,1166.0,3
uce-771.unaligned.fasta,6,3792,632.0,62.65833277918163,353,777,693.0,0
uce-772.unaligned.fasta,1,405,405.0,0,405,405,405.0,0
uce-773.unaligned.fasta,1,537,537.0,0,537,537,537.0,0
uce-774.unaligned.fasta,1,566,566.0,0,566,566,566.0,0
uce-776.unaligned.fasta,7,6747,963.8571428571429,80.8930594972766,624,1240,1007.0,4
uce-779.unaligned.fasta,4,2074,518.5,99.39609314924472,320,794,480.0,0
uce-780.unaligned.fasta,1,491,491.0,0,491,491,491.0,0
uce-781.unaligned.fasta,2,2164,1082.0,70.0,1012,1152,1082.0,2
uce-782.unaligned.fasta,2,1219,609.5,92.5,517,702,609.5,0
uce-783.unaligned.fasta,7,5818,831.1428571428571,124.49467928416871,398,1277,678.0,3
uce-784.unaligned.fasta,4,2576,644.0,122.01161146929145,289,828,729.5,0
uce-785.unaligned.fasta,2,1455,727.5,247.49999999999997,480,975,727.5,0
uce-786.unaligned.fasta,1,1135,1135.0,0,1135,1135,1135.0,1
uce-787.unaligned.fasta,8,6536,817.0,75.84806241050968,534,1197,790.5,1
uce-788.unaligned.fasta,8,6531,816.375,113.96521046542479,487,1503,697.5,2
uce-789.unaligned.fasta,2,1412,706.0,145.99999999999997,560,852,706.0,0
uce-78.unaligned.fasta,4,3132,783.0,123.65745697962038,491,1053,794.0,1
uce-790.unaligned.fasta,2,1464,732.0,23.999999999999996,708,756,732.0,0
uce-791.unaligned.fasta,2,1331,665.5,403.49999999999994,262,1069,665.5,1
uce-792.unaligned.fasta,6,3037,506.1666666666667,90.14448279167051,304,888,453.5,0
uce-793.unaligned.fasta,5,4273,854.6,166.11128799693296,278,1196,823.0,2
uce-794.unaligned.fasta,3,5025,1675.0,313.1245758480161,1116,2199,1710.0,3
uce-795.unaligned.fasta,1,364,364.0,0,364,364,364.0,0
uce-796.unaligned.fasta,2,2234,1117.0,512.0,605,1629,1117.0,1
uce-797.unaligned.fasta,4,3262,815.5,188.2509406793673,418,1272,786.0,1
uce-798.unaligned.fasta,4,3110,777.5,158.12732211733683,506,1116,744.0,1
uce-7.unaligned.fasta,2,724,362.0,66.0,296,428,362.0,0
uce-800.unaligned.fasta,5,3294,658.8,116.6063463109963,352,1025,657.0,1
uce-801.unaligned.fasta,2,1036,518.0,28.999999999999996,489,547,518.0,0
uce-803.unaligned.fasta,6,6367,1061.1666666666667,150.359218022855,572,1629,980.0,3
uce-804.unaligned.fasta,7,5436,776.5714285714286,115.38565916150954,261,1028,885.0,2
uce-805.unaligned.fasta,3,1601,533.6666666666666,84.13151080963132,368,642,591.0,0
uce-807.unaligned.fasta,3,2961,987.0,589.2546138979312,368,2165,428.0,1
uce-809.unaligned.fasta,1,688,688.0,0,688,688,688.0,0
uce-80.unaligned.fasta,3,2668,889.3333333333334,167.75014489147577,602,1183,883.0,1
uce-810.unaligned.fasta,2,949,474.5,136.5,338,611,474.5,0
uce-811.unaligned.fasta,7,4799,685.5714285714286,124.23707313091391,450,1371,571.0,1
uce-812.unaligned.fasta,7,6356,908.0,216.9461201488034,537,2168,693.0,1
uce-814.unaligned.fasta,3,1755,585.0,93.0017920974286,421,743,591.0,0
uce-815.unaligned.fasta,1,950,950.0,0,950,950,950.0,0
uce-816.unaligned.fasta,4,6097,1524.25,340.22085351528153,544,2117,1718.0,3
uce-817.unaligned.fasta,8,9984,1248.0,659.5246394184222,404,5852,570.5,1
uce-818.unaligned.fasta,5,4119,823.8,112.46439436550573,648,1254,716.0,1
uce-819.unaligned.fasta,1,720,720.0,0,720,720,720.0,0
uce-81.unaligned.fasta,1,449,449.0,0,449,449,449.0,0
uce-820.unaligned.fasta,2,1496,748.0,71.0,677,819,748.0,0
uce-821.unaligned.fasta,7,4652,664.5714285714286,94.07414936225197,353,977,687.0,0
uce-822.unaligned.fasta,8,6375,796.875,120.49665637032659,387,1358,744.5,2
uce-823.unaligned.fasta,3,3882,1294.0,16.46207763315433,1266,1323,1293.0,3
uce-824.unaligned.fasta,4,3634,908.5,19.189841062395487,857,947,915.0,0
uce-825.unaligned.fasta,2,1736,868.0,288.0,580,1156,868.0,1
uce-826.unaligned.fasta,4,1858,464.5,101.45319117701523,275,710,436.5,0
uce-828.unaligned.fasta,1,719,719.0,0,719,719,719.0,0
uce-829.unaligned.fasta,6,4744,790.6666666666666,96.43812063240922,500,1055,813.0,1
uce-82.unaligned.fasta,4,2848,712.0,108.01465949891555,485,949,707.0,0
uce-830.unaligned.fasta,3,2416,805.3333333333334,76.91192654227592,653,900,863.0,0
uce-831.unaligned.fasta,6,5650,941.6666666666666,118.73378251833432,673,1307,817.0,2
uce-832.unaligned.fasta,2,1582,791.0,404.99999999999994,386,1196,791.0,1
uce-833.unaligned.fasta,4,2796,699.0,58.24230993587623,559,806,715.5,0
uce-834.unaligned.fasta,4,2770,692.5,56.52359389375968,589,853,664.0,0
uce-835.unaligned.fasta,6,4413,735.5,87.90970746548226,499,1035,719.0,1
uce-837.unaligned.fasta,3,2136,712.0,182.69190823168205,347,909,880.0,0
uce-838.unaligned.fasta,2,1402,701.0,50.99999999999999,650,752,701.0,0
uce-839.unaligned.fasta,2,1135,567.5,101.49999999999999,466,669,567.5,0
uce-83.unaligned.fasta,4,2997,749.25,98.74071686324069,516,973,754.0,0
uce-840.unaligned.fasta,1,481,481.0,0,481,481,481.0,0
uce-842.unaligned.fasta,3,2108,702.6666666666666,183.238763487545,362,990,756.0,0
uce-843.unaligned.fasta,6,9949,1658.1666666666667,1084.4331058719627,324,7061,633.5,1
uce-845.unaligned.fasta,5,4184,836.8,98.57758365876087,642,1149,703.0,1
uce-846.unaligned.fasta,3,2336,778.6666666666666,122.83367254589075,577,1001,758.0,1
uce-847.unaligned.fasta,1,423,423.0,0,423,423,423.0,0
uce-848.unaligned.fasta,5,3707,741.4,103.79479755748841,562,1132,660.0,1
uce-849.unaligned.fasta,3,2036,678.6666666666666,106.28002843641153,564,891,581.0,0
uce-851.unaligned.fasta,1,1162,1162.0,0,1162,1162,1162.0,1
uce-852.unaligned.fasta,2,1495,747.5,235.5,512,983,747.5,0
uce-853.unaligned.fasta,4,2209,552.25,91.18056719133378,341,711,578.5,0
uce-854.unaligned.fasta,1,510,510.0,0,510,510,510.0,0
uce-855.unaligned.fasta,5,4278,855.6,224.70505112257712,305,1417,885.0,2
uce-856.unaligned.fasta,3,1814,604.6666666666666,233.4968474686067,350,1071,393.0,1
uce-857.unaligned.fasta,6,6093,1015.5,212.3247120175448,366,1789,1102.5,4
uce-858.unaligned.fasta,7,5995,856.4285714285714,109.29642026614228,550,1304,739.0,2
uce-859.unaligned.fasta,5,3738,747.6,103.48555454748261,540,1032,615.0,1
uce-85.unaligned.fasta,1,395,395.0,0,395,395,395.0,0
uce-860.unaligned.fasta,3,1844,614.6666666666666,220.1683699151881,393,1055,396.0,1
uce-861.unaligned.fasta,4,3212,803.0,143.66279963859816,526,1136,775.0,1
uce-862.unaligned.fasta,1,1282,1282.0,0,1282,1282,1282.0,1
uce-863.unaligned.fasta,4,2828,707.0,183.52520262895774,396,1239,596.5,1
uce-864.unaligned.fasta,1,1812,1812.0,0,1812,1812,1812.0,1
uce-865.unaligned.fasta,3,1843,614.3333333333334,62.679963128401546,520,733,590.0,0
uce-866.unaligned.fasta,2,2338,1169.0,46.0,1123,1215,1169.0,2
uce-867.unaligned.fasta,3,3369,1123.0,258.1168985815019,612,1442,1315.0,2
uce-868.unaligned.fasta,1,866,866.0,0,866,866,866.0,0
uce-869.unaligned.fasta,1,3899,3899.0,0,3899,3899,3899.0,1
uce-86.unaligned.fasta,1,882,882.0,0,882,882,882.0,0
uce-870.unaligned.fasta,3,1964,654.6666666666666,90.02283660889114,535,831,598.0,0
uce-871.unaligned.fasta,3,1942,647.3333333333334,166.59164978406866,374,949,619.0,0
uce-872.unaligned.fasta,4,3886,971.5,187.05101799598242,488,1388,1005.0,2
uce-873.unaligned.fasta,5,4921,984.2,116.46561724388876,683,1290,1094.0,3
uce-874.unaligned.fasta,3,2020,673.3333333333334,336.7216126779576,309,1346,365.0,1
uce-875.unaligned.fasta,4,4407,1101.75,189.61160961291372,611,1517,1139.5,3
uce-876.unaligned.fasta,9,6312,701.3333333333334,56.364143448354355,437,990,749.0,0
uce-877.unaligned.fasta,6,5238,873.0,111.89399745592554,517,1200,880.0,2
uce-878.unaligned.fasta,2,2484,1242.0,205.0,1037,1447,1242.0,2
uce-879.unaligned.fasta,4,3635,908.75,267.09560554228517,368,1629,819.0,1
uce-87.unaligned.fasta,6,4732,788.6666666666666,128.4979031389661,278,1134,851.5,1
uce-880.unaligned.fasta,7,4043,577.5714285714286,70.45797705449856,269,812,523.0,0
uce-881.unaligned.fasta,5,3786,757.2,170.69838897892387,250,1235,798.0,1
uce-882.unaligned.fasta,1,1690,1690.0,0,1690,1690,1690.0,1
uce-883.unaligned.fasta,7,5947,849.5714285714286,115.6185965316375,432,1270,774.0,2
uce-884.unaligned.fasta,2,706,353.0,66.0,287,419,353.0,0
uce-885.unaligned.fasta,6,3483,580.5,97.04766869945924,332,940,540.0,0
uce-887.unaligned.fasta,1,417,417.0,0,417,417,417.0,0
uce-888.unaligned.fasta,6,4322,720.3333333333334,153.74126894811874,310,1289,689.5,1
uce-889.unaligned.fasta,3,1924,641.3333333333334,90.85213872612528,528,821,575.0,0
uce-88.unaligned.fasta,5,3245,649.0,42.49588215345105,521,729,702.0,0
uce-890.unaligned.fasta,2,1514,757.0,366.99999999999994,390,1124,757.0,1
uce-891.unaligned.fasta,5,3207,641.4,98.27034140573646,395,996,594.0,0
uce-892.unaligned.fasta,4,3464,866.0,287.87005170157363,393,1669,701.0,1
uce-893.unaligned.fasta,4,3154,788.5,128.0992453789899,481,1084,794.5,1
uce-894.unaligned.fasta,6,4631,771.8333333333334,110.94125071906804,369,1047,819.5,2
uce-895.unaligned.fasta,6,4325,720.8333333333334,127.70106151129329,320,1062,740.5,2
uce-896.unaligned.fasta,5,3289,657.8,136.4226520780182,256,1015,643.0,1
uce-898.unaligned.fasta,2,1668,834.0,413.0,421,1247,834.0,1
uce-899.unaligned.fasta,4,3122,780.5,267.6821809534583,355,1501,633.0,1
uce-89.unaligned.fasta,2,2529,1264.5,745.4999999999999,519,2010,1264.5,1
uce-8.unaligned.fasta,1,480,480.0,0,480,480,480.0,0
uce-901.unaligned.fasta,5,5332,1066.4,171.00485373228446,428,1452,1123.0,4
uce-902.unaligned.fasta,4,2852,713.0,202.3688875955656,284,1061,753.5,2
uce-903.unaligned.fasta,7,5187,741.0,112.90999365276161,250,1126,710.0,2
uce-904.unaligned.fasta,5,3875,775.0,171.76524677594125,259,1234,805.0,2
uce-905.unaligned.fasta,7,5167,738.1428571428571,121.06283857713622,273,1205,661.0,2
uce-906.unaligned.fasta,6,4717,786.1666666666666,132.00187288233622,277,1118,847.5,2
uce-907.unaligned.fasta,5,5103,1020.6,204.4474504609925,450,1659,1100.0,3
uce-908.unaligned.fasta,5,3906,781.2,127.7416924891791,375,1048,834.0,2
uce-909.unaligned.fasta,5,3180,636.0,90.60849849765748,322,814,730.0,0
uce-90.unaligned.fasta,5,3101,620.2,127.23419351730885,267,1062,579.0,1
uce-910.unaligned.fasta,1,1354,1354.0,0,1354,1354,1354.0,1
uce-911.unaligned.fasta,2,1234,617.0,311.99999999999994,305,929,617.0,0
uce-913.unaligned.fasta,7,6614,944.8571428571429,109.67450295597176,404,1280,993.0,3
uce-914.unaligned.fasta,7,4843,691.8571428571429,91.74899209811738,264,949,699.0,0
uce-916.unaligned.fasta,2,3729,1864.5,247.49999999999997,1617,2112,1864.5,2
uce-917.unaligned.fasta,1,657,657.0,0,657,657,657.0,0
uce-918.unaligned.fasta,3,2926,975.3333333333334,200.89909020312774,608,1300,1018.0,2
uce-919.unaligned.fasta,5,4462,892.4,164.18300764695474,438,1277,908.0,2
uce-91.unaligned.fasta,7,5256,750.8571428571429,132.36429323064803,298,1177,788.0,2
uce-920.unaligned.fasta,1,536,536.0,0,536,536,536.0,0
uce-923.unaligned.fasta,2,1285,642.5,356.49999999999994,286,999,642.5,0
uce-924.unaligned.fasta,2,1316,658.0,137.0,521,795,658.0,0
uce-925.unaligned.fasta,1,1073,1073.0,0,1073,1073,1073.0,1
uce-926.unaligned.fasta,1,333,333.0,0,333,333,333.0,0
uce-927.unaligned.fasta,2,1238,619.0,21.999999999999996,597,641,619.0,0
uce-929.unaligned.fasta,2,1331,665.5,365.49999999999994,300,1031,665.5,1
uce-92.unaligned.fasta,4,2584,646.0,159.68771607943634,370,1031,591.5,1
uce-931.unaligned.fasta,6,4824,804.0,167.07363646009506,327,1405,756.5,2
uce-933.unaligned.fasta,2,2082,1041.0,19.0,1022,1060,1041.0,2
uce-934.unaligned.fasta,5,3779,755.8,79.50119495957276,562,998,682.0,0
uce-935.unaligned.fasta,4,3346,836.5,67.45554091399757,676,954,858.0,0
uce-938.unaligned.fasta,6,4957,826.1666666666666,117.4630201855508,462,1196,785.0,2
uce-939.unaligned.fasta,4,3477,869.25,140.56871095659943,456,1058,981.5,2
uce-93.unaligned.fasta,2,1274,637.0,97.0,540,734,637.0,0
uce-940.unaligned.fasta,3,2308,769.3333333333334,145.38034407871115,569,1052,687.0,1
uce-941.unaligned.fasta,7,5064,723.4285714285714,89.32654304582152,476,1012,755.0,1
uce-942.unaligned.fasta,3,1675,558.3333333333334,165.74511891589583,296,865,514.0,0
uce-943.unaligned.fasta,3,4165,1388.3333333333333,425.5699446363403,539,1861,1765.0,2
uce-944.unaligned.fasta,2,1834,917.0,529.0,388,1446,917.0,1
uce-945.unaligned.fasta,3,3486,1162.0,373.77399588521405,418,1597,1471.0,2
uce-946.unaligned.fasta,5,4462,892.4,90.91842497535909,615,1105,911.0,2
uce-947.unaligned.fasta,7,4914,702.0,96.3663644145414,345,1043,606.0,1
uce-948.unaligned.fasta,6,4504,750.6666666666666,104.72429411448798,387,1126,708.0,1
uce-949.unaligned.fasta,1,261,261.0,0,261,261,261.0,0
uce-94.unaligned.fasta,5,4441,888.2,134.64189541149514,449,1200,830.0,2
uce-951.unaligned.fasta,1,1314,1314.0,0,1314,1314,1314.0,1
uce-952.unaligned.fasta,2,2976,1488.0,462.0,1026,1950,1488.0,2
uce-953.unaligned.fasta,2,673,336.5,74.5,262,411,336.5,0
uce-954.unaligned.fasta,3,2100,700.0,102.41744643044629,582,904,614.0,0
uce-955.unaligned.fasta,1,547,547.0,0,547,547,547.0,0
uce-956.unaligned.fasta,2,2085,1042.5,342.49999999999994,700,1385,1042.5,1
uce-957.unaligned.fasta,2,1286,643.0,392.0,251,1035,643.0,1
uce-958.unaligned.fasta,1,1654,1654.0,0,1654,1654,1654.0,1
uce-959.unaligned.fasta,4,5743,1435.75,291.22710925782076,679,1925,1569.5,3
uce-95.unaligned.fasta,1,2032,2032.0,0,2032,2032,2032.0,1
uce-960.unaligned.fasta,4,3108,777.0,106.73565477383835,566,1013,764.5,1
uce-961.unaligned.fasta,3,2400,800.0,190.56757331718325,424,1042,934.0,1
uce-962.unaligned.fasta,5,4186,837.2,135.8853928868,322,1071,903.0,2
uce-963.unaligned.fasta,4,3303,825.75,150.94335306111805,389,1036,939.0,2
uce-964.unaligned.fasta,7,4683,669.0,112.16187281908998,341,1095,728.0,1
uce-965.unaligned.fasta,6,3534,589.0,66.34003316248796,348,837,573.5,0
uce-966.unaligned.fasta,2,1088,544.0,175.99999999999997,368,720,544.0,0
uce-967.unaligned.fasta,6,4982,830.3333333333334,106.81063201344291,533,1134,798.5,2
uce-969.unaligned.fasta,9,7141,793.4444444444445,78.71222393968337,383,1082,803.0,2
uce-96.unaligned.fasta,2,1707,853.5,150.5,703,1004,853.5,1
uce-970.unaligned.fasta,2,1888,944.0,137.0,807,1081,944.0,1
uce-971.unaligned.fasta,2,1761,880.5,276.49999999999994,604,1157,880.5,1
uce-972.unaligned.fasta,1,573,573.0,0,573,573,573.0,0
uce-973.unaligned.fasta,5,3342,668.4,128.45139158452116,274,912,816.0,0
uce-974.unaligned.fasta,5,2948,589.6,121.59300966749693,342,1025,513.0,1
uce-975.unaligned.fasta,5,7070,1414.0,262.8181881072921,623,2011,1593.0,3
uce-976.unaligned.fasta,4,2912,728.0,124.05778223607471,411,943,779.0,0
uce-977.unaligned.fasta,3,2096,698.6666666666666,149.9625879270486,411,916,769.0,0
uce-978.unaligned.fasta,4,4206,1051.5,295.0032485696838,439,1791,988.0,2
uce-979.unaligned.fasta,1,1226,1226.0,0,1226,1226,1226.0,1
uce-97.unaligned.fasta,4,3095,773.75,157.7584519658667,488,1174,716.5,1
uce-980.unaligned.fasta,5,4132,826.4,160.51965611724935,383,1139,989.0,2
uce-981.unaligned.fasta,3,2970,990.0,31.564748269760262,927,1025,1018.0,2
uce-982.unaligned.fasta,1,456,456.0,0,456,456,456.0,0
uce-983.unaligned.fasta,5,7636,1527.2,236.47947056774296,601,1906,1742.0,4
uce-984.unaligned.fasta,4,3156,789.0,148.02871343087463,461,1067,814.0,2
uce-985.unaligned.fasta,6,5020,836.6666666666666,77.94642034400583,578,1130,849.0,1
uce-986.unaligned.fasta,2,1150,575.0,21.999999999999996,553,597,575.0,0
uce-987.unaligned.fasta,2,1079,539.5,272.49999999999994,267,812,539.5,0
uce-988.unaligned.fasta,1,306,306.0,0,306,306,306.0,0
uce-989.unaligned.fasta,1,705,705.0,0,705,705,705.0,0
uce-98.unaligned.fasta,5,4283,856.6,126.31611140309855,400,1076,972.0,2
uce-990.unaligned.fasta,2,1332,666.0,290.0,376,956,666.0,0
uce-991.unaligned.fasta,5,4293,858.6,121.28709741765608,414,1063,960.0,2
uce-992.unaligned.fasta,2,2086,1043.0,411.0,632,1454,1043.0,1
uce-993.unaligned.fasta,5,4743,948.6,163.0507896331692,366,1260,1015.0,3
uce-994.unaligned.fasta,7,6063,866.1428571428571,73.80812594682453,619,1080,845.0,3
uce-995.unaligned.fasta,8,7933,991.625,136.00327431720163,454,1444,1026.0,4
uce-997.unaligned.fasta,1,1181,1181.0,0,1181,1181,1181.0,1
uce-998.unaligned.fasta,1,931,931.0,0,931,931,931.0,0
uce-999.unaligned.fasta,2,717,358.5,20.5,338,379,358.5,0
uce-99.unaligned.fasta,1,901,901.0,0,901,901,901.0,0
uce-9.unaligned.fasta,4,3004,751.0,158.5864643236196,426,1034,772.0,2
